{
    "$schema": "https://schema.management.azure.com/schemas/2019-04-01/deploymentTemplate.json#",
    "contentVersion": "1.0.0.0",
    "parameters": {
        "IotCentralApplicationName": {
            "defaultValue": "InnovateFPGA-IOTC",
            "minLength": 5,
            "maxLength": 32,
            "type": "String",
            "metadata": {
                "description": "IoT Central Application Name.  The name must be globally unique up to 32 characters"
            }
        },
        "IotCentralLocation": {
            "defaultValue": "centralus",
            "allowedValues": [
                "asiapacific",
                "australia",
                "europe",
                "japan",
                "uk",
                "centralus"
            ],
            "type": "String",
            "metadata": {
                "description": "True to install IoT Central (vs. IoT Hub)"
            }
        }
    },
    "variables": {
        "iotcentral": {
            "apiVersion": "2021-01-01-preview",
            "sku": "ST1",
            "displayName": "[parameters('IotCentralApplicationName')]",
            "subdomain": "[toLower(parameters('IotCentralApplicationName'))]",
            "templateId": "c619b2fb-6544-4358-bac6-6ec4bd38da43"
        },
        "envTag": "v1.0"
    },
    "resources": [
        {
            "type": "Microsoft.IoTCentral/IoTApps",
            "apiVersion": "2018-09-01",
            "name": "[variables('iotcentral').subdomain]",
            "location": "[parameters('IotCentralLocation')]",
            "tags": {
                "ENV": "[variables('envTag')]"
            },
            "sku": {
                "name": "[variables('iotcentral').sku]"
            },
            "properties": {
                "displayName": "[parameters('IotCentralApplicationName')]",
                "subdomain": "[variables('iotcentral').subdomain]",
                "template": "[variables('iotcentral').templateId]"
            }
        }
    ],
    "outputs": {
        "_Web_Site_Address": {
            "type": "String",
            "value": "[concat('https://', variables('iotcentral').subdomain, '.azureiotcentral.com')]"
        }
    }
}